{"count":1,"self":2352.7538688,"total":18678.946859,"children":{"InitializeActuators":{"count":16,"self":0.0017469999999999999,"total":0.0017469999999999999,"children":null},"InitializeSensors":{"count":16,"self":0.0044659999999999995,"total":0.0044659999999999995,"children":null},"AgentSendState":{"count":1250051,"self":12.6470592,"total":7824.8151819999994,"children":{"CollectObservations":{"count":4000176,"self":18.7949456,"total":18.794946,"children":null},"WriteActionMask":{"count":4000176,"self":2.664866,"total":2.664866,"children":null},"RequestDecision":{"count":4000176,"self":9.3980432,"total":7790.7083109999994,"children":{"AgentInfo.ToProto":{"count":4000176,"self":10.5873528,"total":7781.3102679999993,"children":{"GenerateSensorData":{"count":4000176,"self":87.327980799999992,"total":7770.7229149999994,"children":{"CameraSensor.GetCompressedObservation":{"count":4000176,"self":7683.3947647999994,"total":7683.394934,"children":null}}}}}}}}},"DecideAction":{"count":1250051,"self":7774.5446912,"total":7774.544897,"children":null},"AgentAct":{"count":1250051,"self":281.216,"total":726.825822,"children":{"AgentInfo.ToProto":{"count":183219,"self":0.851337,"total":445.60983,"children":{"GenerateSensorData":{"count":183219,"self":4.671882,"total":444.758493,"children":{"CameraSensor.GetCompressedObservation":{"count":183219,"self":440.0866304,"total":440.086611,"children":null}}}}}}}},"gauges":{"RobotArm.CumulativeReward":{"count":183219,"max":18.46787,"min":-405.101776,"runningAverage":4.62358046,"value":7.5474205,"weightedAverage":5.871686}},"metadata":{"timer_format_version":"0.1.0","start_time_seconds":"1684836775","unity_version":"2021.3.25f1","command_line_arguments":"\/home\/ghostly0328\/Unity\/Hub\/Editor\/2021.3.25f1\/Editor\/Unity -projectpath \/home\/ghostly0328\/python\/unity\/UR3-RL-catchobject -useHub -hubIPC -cloudEnvironment production -licensingIpc LicenseClient-ghostly0328 -hubSessionId 9b0a445f-54eb-407e-b88f-8622c2b5b2c9 -accessToken lQ272m--C-erq7O-VvP0z9bWgJ8cBjdQgpo04L4DrjI01ef","communication_protocol_version":"1.5.0","com.unity.ml-agents_version":"2.0.1","scene_name":"backup","end_time_seconds":"1684855454"}}