{"count":1,"self":969.4726144,"total":10851.859279299999,"children":{"InitializeActuators":{"count":8,"self":0.0009981,"total":0.0009981,"children":null},"InitializeSensors":{"count":8,"self":0.0020025999999999998,"total":0.0020025999999999998,"children":null},"AgentSendState":{"count":970067,"self":5.012922,"total":2573.4076167,"children":{"CollectObservations":{"count":1552112,"self":3.7623164,"total":3.7623165,"children":null},"WriteActionMask":{"count":1552112,"self":0.8391761,"total":0.8391761,"children":null},"RequestDecision":{"count":1552112,"self":4.3030992,"total":2563.793202,"children":{"AgentInfo.ToProto":{"count":1552112,"self":3.5690904,"total":2559.4901025999998,"children":{"GenerateSensorData":{"count":1552112,"self":21.529038399999997,"total":2555.921012,"children":{"CameraSensor.GetCompressedObservation":{"count":1552112,"self":2534.3920128,"total":2534.3919741,"children":null}}}}}}}}},"DecideAction":{"count":970067,"self":6106.5502719999995,"total":6106.5503543999994,"children":null},"AgentAct":{"count":970067,"self":60.6736064,"total":60.782778099999994,"children":{"AgentInfo.ToProto":{"count":32,"self":0,"total":0.10917349999999999,"children":{"GenerateSensorData":{"count":32,"self":0.0010050999999999999,"total":0.10917349999999999,"children":{"CameraSensor.GetCompressedObservation":{"count":32,"self":0.1081684,"total":0.1081684,"children":null}}}}}}},"AgentInfo.ToProto":{"count":438423,"self":1.9221898,"total":1141.6414429,"children":{"GenerateSensorData":{"count":438423,"self":7.779176,"total":1139.7192531,"children":{"CameraSensor.GetCompressedObservation":{"count":438423,"self":1131.9400448,"total":1131.9400773,"children":null}}}}}},"gauges":{"RobotArm.CumulativeReward":{"count":438455,"max":20,"min":-64.21801,"runningAverage":-7.36095,"value":-20.53406,"weightedAverage":-20.6438713}},"metadata":{"timer_format_version":"0.1.0","start_time_seconds":"1678338220","unity_version":"2021.3.19f1","command_line_arguments":"C:\\Program Files\\Unity\\Hub\\Editor\\2021.3.19f1\\Editor\\Unity.exe -projectpath D:\\Github\\robot arm -useHub -hubIPC -cloudEnvironment production -licensingIpc LicenseClient-sj985811 -hubSessionId 5d99ff70-bb98-11ed-ba33-e98e6a9bf1d0","communication_protocol_version":"1.5.0","com.unity.ml-agents_version":"2.0.1","scene_name":"BasicArm","end_time_seconds":"1678349072"}}